item,store,display_name,pickup_interval,pickup_location,purchase_end,items_available,distance,favorite,in_sales_window,new_item,item_type,matches_filters,item_tags,sold_out_at
"{'item_id': '908013', 'sales_taxes': [{'tax_description': 'Special meal tax', 'tax_percentage': 0.5}, {'tax_description': 'State sales tax', 'tax_percentage': 6.25}, {'tax_description': 'City sales tax', 'tax_percentage': 1.25}, {'tax_description': 'County sales tax', 'tax_percentage': 1.75}, {'tax_description': 'Special sales tax', 'tax_percentage': 1.0}], 'tax_amount': {'code': 'USD', 'minor_units': 43, 'decimals': 2}, 'price_excluding_taxes': {'code': 'USD', 'minor_units': 399, 'decimals': 2}, 'price_including_taxes': {'code': 'USD', 'minor_units': 399, 'decimals': 2}, 'value_excluding_taxes': {'code': 'USD', 'minor_units': 1200, 'decimals': 2}, 'value_including_taxes': {'code': 'USD', 'minor_units': 1200, 'decimals': 2}, 'taxation_policy': 'PRICE_DOES_NOT_INCLUDE_TAXES', 'show_sales_taxes': True, 'item_price': {'code': 'USD', 'minor_units': 399, 'decimals': 2}, 'item_value': {'code': 'USD', 'minor_units': 1200, 'decimals': 2}, 'cover_picture': {'picture_id': '70239301907944833', 'current_url': 'https://images.tgtg.ninja/itembulkimport/cover/186de5de-0770-439e-999e-9184834bba8c.jpg', 'is_automatically_created': False}, 'logo_picture': {'picture_id': '923430', 'current_url': 'https://images.tgtg.ninja/storebulkimport/logo/64401/be63376b-9de8-4d26-abe8-b9513348aaff.png', 'is_automatically_created': False}, 'name': 'Circle K Treats & Eats', 'description': 'Bag will be filled with delicious ready-to-eat goods that may include sandwiches, wraps, salads, snacks, pastries, chips, or fresh produce.', 'subtitle': '', 'food_handling_instructions': '', 'can_user_supply_packaging': False, 'packaging_option': 'BAG_ALLOWED', 'collection_info': 'Pick-up at the Checkout Counter', 'diet_categories': [], 'item_category': 'OTHER', 'buffet': False, 'positive_rating_reasons': ['POSITIVE_FEEDBACK_FRIENDLY_STAFF', 'POSITIVE_FEEDBACK_QUICK_COLLECTION', 'POSITIVE_FEEDBACK_GREAT_VALUE', 'POSITIVE_FEEDBACK_GREAT_QUANTITY', 'POSITIVE_FEEDBACK_DELICIOUS_FOOD', 'POSITIVE_FEEDBACK_GREAT_VARIETY'], 'average_overall_rating': {'average_overall_rating': 3.753086419753086, 'rating_count': 81, 'month_count': 6}, 'favorite_count': 0}","{'store_id': '889615', 'store_name': 'Circle K', 'branch': 'HL - 6900: 3180 N. Broadway', 'description': '', 'tax_identifier': '', 'website': '', 'store_location': {'address': {'country': {'iso_code': 'US', 'name': 'USA'}, 'address_line': '3180 N Broadway, Chicago, IL 60657, USA', 'city': '', 'postal_code': ''}, 'location': {'longitude': -87.6445771, 'latitude': 41.9399273}}, 'logo_picture': {'picture_id': '923430', 'current_url': 'https://images.tgtg.ninja/storebulkimport/logo/64401/be63376b-9de8-4d26-abe8-b9513348aaff.png', 'is_automatically_created': False}, 'store_time_zone': 'America/Chicago', 'hidden': False, 'favorite_count': 0, 'distance': 1.0518876547141927, 'cover_picture': {'picture_id': '70239301907944833', 'current_url': 'https://images.tgtg.ninja/itembulkimport/cover/186de5de-0770-439e-999e-9184834bba8c.jpg', 'is_automatically_created': False}, 'is_manufacturer': False}",Circle K - HL - 6900: 3180 N. Broadway (Circle K Treats & Eats),"{'start': '2025-02-10T19:00:00Z', 'end': '2025-02-11T03:00:00Z'}","{'address': {'country': {'iso_code': 'US', 'name': 'USA'}, 'address_line': '3180 N Broadway, Chicago, IL 60657, USA', 'city': '', 'postal_code': ''}, 'location': {'longitude': -87.6445771, 'latitude': 41.9399273}}",2025-02-11T03:00:00Z,1,1.0518876547141927,False,True,False,MAGIC_BAG,True,"[{'id': 'X_ITEMS_LEFT', 'short_text': '1 left', 'long_text': '1 left'}]",
"{'item_id': '519077', 'sales_taxes': [{'tax_description': 'State sales tax', 'tax_percentage': 6.25}, {'tax_description': 'Special sales tax', 'tax_percentage': 1.0}, {'tax_description': 'City sales tax', 'tax_percentage': 1.25}, {'tax_description': 'County sales tax', 'tax_percentage': 1.75}, {'tax_description': 'Special meal tax', 'tax_percentage': 0.5}], 'tax_amount': {'code': 'USD', 'minor_units': 43, 'decimals': 2}, 'price_excluding_taxes': {'code': 'USD', 'minor_units': 399, 'decimals': 2}, 'price_including_taxes': {'code': 'USD', 'minor_units': 399, 'decimals': 2}, 'value_excluding_taxes': {'code': 'USD', 'minor_units': 1200, 'decimals': 2}, 'value_including_taxes': {'code': 'USD', 'minor_units': 1200, 'decimals': 2}, 'taxation_policy': 'PRICE_DOES_NOT_INCLUDE_TAXES', 'show_sales_taxes': True, 'item_price': {'code': 'USD', 'minor_units': 399, 'decimals': 2}, 'item_value': {'code': 'USD', 'minor_units': 1200, 'decimals': 2}, 'cover_picture': {'picture_id': '650330', 'current_url': 'https://images.tgtg.ninja/item/cover/82cf4462-e314-482d-b33c-4da74f304c6a.jpg', 'is_automatically_created': False}, 'logo_picture': {'picture_id': '650329', 'current_url': 'https://images.tgtg.ninja/store/4d904c67-93ef-4df7-86a1-f364c384dda8.jpg', 'is_automatically_created': False}, 'name': 'Meal', 'description': 'Bag might contain loaded sandwiches and/or sides and munchies depending on what is left for the day!', 'subtitle': '', 'food_handling_instructions': '', 'can_user_supply_packaging': False, 'packaging_option': 'BAG_ALLOWED', 'collection_info': '', 'diet_categories': [], 'item_category': 'MEAL', 'buffet': False, 'positive_rating_reasons': ['POSITIVE_FEEDBACK_GREAT_VALUE', 'POSITIVE_FEEDBACK_FRIENDLY_STAFF', 'POSITIVE_FEEDBACK_DELICIOUS_FOOD', 'POSITIVE_FEEDBACK_GREAT_QUANTITY', 'POSITIVE_FEEDBACK_QUICK_COLLECTION', 'POSITIVE_FEEDBACK_GREAT_VARIETY'], 'average_overall_rating': {'average_overall_rating': 4.7795275590551185, 'rating_count': 127, 'month_count': 6}, 'favorite_count': 0}","{'store_id': '652060', 'store_name': 'Cheba Hut ""Toasted"" Subs', 'branch': 'Wrigleyville', 'description': '', 'tax_identifier': '', 'website': 'https://chebahut.com/', 'store_location': {'address': {'country': {'iso_code': 'US', 'name': 'USA'}, 'address_line': '3412 N Sheffield Ave, Chicago, IL 60657, USA', 'city': '', 'postal_code': ''}, 'location': {'longitude': -87.6544615, 'latitude': 41.9438662}}, 'logo_picture': {'picture_id': '650329', 'current_url': 'https://images.tgtg.ninja/store/4d904c67-93ef-4df7-86a1-f364c384dda8.jpg', 'is_automatically_created': False}, 'store_time_zone': 'America/Chicago', 'hidden': False, 'favorite_count': 0, 'distance': 0.6137433350883778, 'cover_picture': {'picture_id': '650330', 'current_url': 'https://images.tgtg.ninja/item/cover/82cf4462-e314-482d-b33c-4da74f304c6a.jpg', 'is_automatically_created': False}, 'is_manufacturer': False}","Cheba Hut ""Toasted"" Subs - Wrigleyville (Meal)","{'start': '2025-02-11T01:00:00Z', 'end': '2025-02-11T02:30:00Z'}","{'address': {'country': {'iso_code': 'US', 'name': 'USA'}, 'address_line': '3412 N Sheffield Ave, Chicago, IL 60657, USA', 'city': '', 'postal_code': ''}, 'location': {'longitude': -87.6544615, 'latitude': 41.9438662}}",2025-02-11T02:30:00Z,0,0.6137433350883778,False,True,False,MAGIC_BAG,True,"[{'id': 'SOLD_OUT', 'short_text': 'Sold out'}]",2025-02-10T02:46:23Z
"{'item_id': '105523272733371457', 'sales_taxes': [{'tax_description': 'County sales tax', 'tax_percentage': 1.75}, {'tax_description': 'Special meal tax', 'tax_percentage': 0.5}, {'tax_description': 'Special sales tax', 'tax_percentage': 1.0}, {'tax_description': 'State sales tax', 'tax_percentage': 6.25}, {'tax_description': 'City sales tax', 'tax_percentage': 1.25}], 'tax_amount': {'code': 'USD', 'minor_units': 97, 'decimals': 2}, 'price_excluding_taxes': {'code': 'USD', 'minor_units': 899, 'decimals': 2}, 'price_including_taxes': {'code': 'USD', 'minor_units': 899, 'decimals': 2}, 'value_excluding_taxes': {'code': 'USD', 'minor_units': 2700, 'decimals': 2}, 'value_including_taxes': {'code': 'USD', 'minor_units': 2700, 'decimals': 2}, 'taxation_policy': 'PRICE_DOES_NOT_INCLUDE_TAXES', 'show_sales_taxes': True, 'item_price': {'code': 'USD', 'minor_units': 899, 'decimals': 2}, 'item_value': {'code': 'USD', 'minor_units': 2700, 'decimals': 2}, 'cover_picture': {'picture_id': '105524207030234785', 'current_url': 'https://images.tgtg.ninja/item/cover/f810a439-80c3-467d-b343-720281c8b2fd.png', 'is_automatically_created': False}, 'logo_picture': {'picture_id': '105522961925912865', 'current_url': 'https://images.tgtg.ninja/store/31663920-4a91-4367-8dee-814a48cec93c_thumb.png', 'is_automatically_created': False}, 'name': 'Baked Goods', 'description': '', 'subtitle': '', 'food_handling_instructions': '', 'can_user_supply_packaging': False, 'packaging_option': 'BAG_ALLOWED', 'collection_info': '', 'diet_categories': [], 'item_category': 'BAKED_GOODS', 'buffet': False, 'positive_rating_reasons': ['POSITIVE_FEEDBACK_GREAT_QUANTITY', 'POSITIVE_FEEDBACK_DELICIOUS_FOOD', 'POSITIVE_FEEDBACK_FRIENDLY_STAFF', 'POSITIVE_FEEDBACK_GREAT_VALUE', 'POSITIVE_FEEDBACK_QUICK_COLLECTION'], 'favorite_count': 0}","{'store_id': '105522688021080897', 'store_name': 'French Cafe Paris', 'branch': '', 'description': '', 'tax_identifier': '', 'website': 'https://frenchcafeparis.com/', 'store_location': {'address': {'country': {'iso_code': 'US', 'name': 'USA'}, 'address_line': '3307 N Clark St, Chicago, IL 60657, USA', 'city': '', 'postal_code': ''}, 'location': {'longitude': -87.6521694, 'latitude': 41.9420231}}, 'logo_picture': {'picture_id': '105522961925912865', 'current_url': 'https://images.tgtg.ninja/store/31663920-4a91-4367-8dee-814a48cec93c_thumb.png', 'is_automatically_created': False}, 'store_time_zone': 'America/Chicago', 'hidden': False, 'favorite_count': 0, 'distance': 0.727085367326072, 'cover_picture': {'picture_id': '105524207030234785', 'current_url': 'https://images.tgtg.ninja/item/cover/f810a439-80c3-467d-b343-720281c8b2fd.png', 'is_automatically_created': False}, 'is_manufacturer': False}",French Cafe Paris (Baked Goods),"{'start': '2025-02-10T14:00:00Z', 'end': '2025-02-10T22:45:00Z'}","{'address': {'country': {'iso_code': 'US', 'name': 'USA'}, 'address_line': '3307 N Clark St, Chicago, IL 60657, USA', 'city': '', 'postal_code': ''}, 'location': {'longitude': -87.6521694, 'latitude': 41.9420231}}",2025-02-10T22:45:00Z,0,0.727085367326072,False,True,True,MAGIC_BAG,True,"[{'id': 'NEW', 'short_text': 'New'}, {'id': 'SOLD_OUT', 'short_text': 'Sold out'}]",2025-02-10T16:36:54Z
"{'item_id': '508804', 'sales_taxes': [{'tax_description': 'Special meal tax', 'tax_percentage': 0.5}, {'tax_description': 'Special sales tax', 'tax_percentage': 1.0}, {'tax_description': 'City sales tax', 'tax_percentage': 1.25}, {'tax_description': 'County sales tax', 'tax_percentage': 1.75}, {'tax_description': 'State sales tax', 'tax_percentage': 6.25}], 'tax_amount': {'code': 'USD', 'minor_units': 54, 'decimals': 2}, 'price_excluding_taxes': {'code': 'USD', 'minor_units': 499, 'decimals': 2}, 'price_including_taxes': {'code': 'USD', 'minor_units': 499, 'decimals': 2}, 'value_excluding_taxes': {'code': 'USD', 'minor_units': 1500, 'decimals': 2}, 'value_including_taxes': {'code': 'USD', 'minor_units': 1500, 'decimals': 2}, 'taxation_policy': 'PRICE_DOES_NOT_INCLUDE_TAXES', 'show_sales_taxes': True, 'item_price': {'code': 'USD', 'minor_units': 499, 'decimals': 2}, 'item_value': {'code': 'USD', 'minor_units': 1500, 'decimals': 2}, 'cover_picture': {'picture_id': '1145959', 'current_url': 'https://images.tgtg.ninja/item/cover/bb57dcdc-2f00-4710-bb49-00385b5f9e94.jpg', 'is_automatically_created': False}, 'logo_picture': {'picture_id': '644104', 'current_url': 'https://images.tgtg.ninja/store/d8ab84ee-aa54-47b8-9b49-8459a9813adb.jpg', 'is_automatically_created': False}, 'name': '', 'description': '', 'subtitle': '', 'food_handling_instructions': '', 'can_user_supply_packaging': False, 'packaging_option': 'CANT_BRING_ANYTHING', 'collection_info': 'If the door is locked, please call restaurant or knock. Staff is there cleaning and expecting your pick up!! Phone number is 773-503-6103', 'diet_categories': [], 'item_category': 'MEAL', 'buffet': False, 'positive_rating_reasons': ['POSITIVE_FEEDBACK_DELICIOUS_FOOD', 'POSITIVE_FEEDBACK_GREAT_QUANTITY', 'POSITIVE_FEEDBACK_QUICK_COLLECTION', 'POSITIVE_FEEDBACK_GREAT_VALUE', 'POSITIVE_FEEDBACK_FRIENDLY_STAFF', 'POSITIVE_FEEDBACK_GREAT_VARIETY'], 'average_overall_rating': {'average_overall_rating': 3.9513274336283186, 'rating_count': 226, 'month_count': 6}, 'favorite_count': 0}","{'store_id': '638270', 'store_name': 'Zam-Zam Middle Eastern Grill', 'branch': '', 'description': '', 'tax_identifier': '', 'website': 'https://www.zamzammiddleeasterngrillil.com/', 'store_location': {'address': {'country': {'iso_code': 'US', 'name': 'USA'}, 'address_line': '3461 N Clark St, Chicago, IL 60657, USA', 'city': '', 'postal_code': ''}, 'location': {'longitude': -87.6547256, 'latitude': 41.9449834}}, 'logo_picture': {'picture_id': '644104', 'current_url': 'https://images.tgtg.ninja/store/d8ab84ee-aa54-47b8-9b49-8459a9813adb.jpg', 'is_automatically_created': False}, 'store_time_zone': 'America/Chicago', 'hidden': False, 'favorite_count': 0, 'distance': 0.531591649842588, 'cover_picture': {'picture_id': '1145959', 'current_url': 'https://images.tgtg.ninja/item/cover/bb57dcdc-2f00-4710-bb49-00385b5f9e94.jpg', 'is_automatically_created': False}, 'is_manufacturer': False}",Zam-Zam Middle Eastern Grill,"{'start': '2025-02-11T03:45:00Z', 'end': '2025-02-11T04:00:00Z'}","{'address': {'country': {'iso_code': 'US', 'name': 'USA'}, 'address_line': '3461 N Clark St, Chicago, IL 60657, USA', 'city': '', 'postal_code': ''}, 'location': {'longitude': -87.6547256, 'latitude': 41.9449834}}",2025-02-11T03:40:00Z,8,0.531591649842588,False,True,False,MAGIC_BAG,True,"[{'id': 'X_ITEMS_LEFT', 'short_text': '5+ left', 'long_text': '5+ left'}]",
"{'item_id': '508256', 'sales_taxes': [{'tax_description': 'Special meal tax', 'tax_percentage': 0.5}, {'tax_description': 'City sales tax', 'tax_percentage': 1.25}, {'tax_description': 'State sales tax', 'tax_percentage': 6.25}, {'tax_description': 'Special sales tax', 'tax_percentage': 1.0}, {'tax_description': 'County sales tax', 'tax_percentage': 1.75}], 'tax_amount': {'code': 'USD', 'minor_units': 54, 'decimals': 2}, 'price_excluding_taxes': {'code': 'USD', 'minor_units': 499, 'decimals': 2}, 'price_including_taxes': {'code': 'USD', 'minor_units': 499, 'decimals': 2}, 'value_excluding_taxes': {'code': 'USD', 'minor_units': 1500, 'decimals': 2}, 'value_including_taxes': {'code': 'USD', 'minor_units': 1500, 'decimals': 2}, 'taxation_policy': 'PRICE_DOES_NOT_INCLUDE_TAXES', 'show_sales_taxes': True, 'item_price': {'code': 'USD', 'minor_units': 499, 'decimals': 2}, 'item_value': {'code': 'USD', 'minor_units': 1500, 'decimals': 2}, 'cover_picture': {'picture_id': '610961', 'current_url': 'https://images.tgtg.ninja/item/cover/a29822e6-590d-4c5d-9646-3311ce874868.png', 'is_automatically_created': False}, 'logo_picture': {'picture_id': '604241', 'current_url': 'https://images.tgtg.ninja/store/49f13fa4-7d96-4e30-9010-c9778c37c6ab.jpg', 'is_automatically_created': False}, 'name': 'Saturday Night', 'description': ""Save a Surprise Bag and enjoy a delicious meal from Big G's like pizza slices! "", 'subtitle': '', 'food_handling_instructions': '', 'can_user_supply_packaging': False, 'packaging_option': 'BAG_ALLOWED', 'collection_info': '', 'diet_categories': [], 'item_category': 'MEAL', 'buffet': False, 'positive_rating_reasons': ['POSITIVE_FEEDBACK_FRIENDLY_STAFF', 'POSITIVE_FEEDBACK_DELICIOUS_FOOD', 'POSITIVE_FEEDBACK_GREAT_VALUE', 'POSITIVE_FEEDBACK_QUICK_COLLECTION', 'POSITIVE_FEEDBACK_GREAT_QUANTITY', 'POSITIVE_FEEDBACK_GREAT_VARIETY'], 'favorite_count': 0}","{'store_id': '592660', 'store_name': 'Big G’s Pizza ', 'branch': '', 'description': 'Like pizza? You’ll love us. NY style thin crust pizza with 40 difft. options. Our wings & desserts, loved by all. Hablamos Español! Established 2012.', 'tax_identifier': '', 'website': 'big-gspizza.com/', 'store_location': {'address': {'country': {'iso_code': 'US', 'name': 'USA'}, 'address_line': '3716 N Clark St, Chicago, IL 60613, USA', 'city': '', 'postal_code': ''}, 'location': {'longitude': -87.6586269, 'latitude': 41.9495204}}, 'logo_picture': {'picture_id': '604241', 'current_url': 'https://images.tgtg.ninja/store/49f13fa4-7d96-4e30-9010-c9778c37c6ab.jpg', 'is_automatically_created': False}, 'store_time_zone': 'America/Chicago', 'hidden': False, 'favorite_count': 0, 'distance': 0.7054119257474274, 'cover_picture': {'picture_id': '610961', 'current_url': 'https://images.tgtg.ninja/item/cover/a29822e6-590d-4c5d-9646-3311ce874868.png', 'is_automatically_created': False}, 'is_manufacturer': False}",Big G’s Pizza  (Saturday Night),,"{'address': {'country': {'iso_code': 'US', 'name': 'USA'}, 'address_line': '3716 N Clark St, Chicago, IL 60613, USA', 'city': '', 'postal_code': ''}, 'location': {'longitude': -87.6586269, 'latitude': 41.9495204}}",,0,0.7054119257474274,False,False,False,MAGIC_BAG,True,"[{'id': 'NOTHING_TO_SAVE_TODAY', 'short_text': 'Nothing today', 'long_text': 'Nothing today'}]",
"{'item_id': '908010', 'sales_taxes': [{'tax_description': 'Special sales tax', 'tax_percentage': 1.0}, {'tax_description': 'State sales tax', 'tax_percentage': 6.25}, {'tax_description': 'County sales tax', 'tax_percentage': 1.75}, {'tax_description': 'Special meal tax', 'tax_percentage': 0.5}, {'tax_description': 'City sales tax', 'tax_percentage': 1.25}], 'tax_amount': {'code': 'USD', 'minor_units': 43, 'decimals': 2}, 'price_excluding_taxes': {'code': 'USD', 'minor_units': 399, 'decimals': 2}, 'price_including_taxes': {'code': 'USD', 'minor_units': 399, 'decimals': 2}, 'value_excluding_taxes': {'code': 'USD', 'minor_units': 1200, 'decimals': 2}, 'value_including_taxes': {'code': 'USD', 'minor_units': 1200, 'decimals': 2}, 'taxation_policy': 'PRICE_DOES_NOT_INCLUDE_TAXES', 'show_sales_taxes': True, 'item_price': {'code': 'USD', 'minor_units': 399, 'decimals': 2}, 'item_value': {'code': 'USD', 'minor_units': 1200, 'decimals': 2}, 'cover_picture': {'picture_id': '70239301907944833', 'current_url': 'https://images.tgtg.ninja/itembulkimport/cover/186de5de-0770-439e-999e-9184834bba8c.jpg', 'is_automatically_created': False}, 'logo_picture': {'picture_id': '923430', 'current_url': 'https://images.tgtg.ninja/storebulkimport/logo/64401/be63376b-9de8-4d26-abe8-b9513348aaff.png', 'is_automatically_created': False}, 'name': 'Circle K Treats & Eats', 'description': 'Bag will be filled with delicious ready-to-eat goods that may include sandwiches, wraps, salads, snacks, pastries, chips, or fresh produce.', 'subtitle': '', 'food_handling_instructions': '', 'can_user_supply_packaging': False, 'packaging_option': 'BAG_ALLOWED', 'collection_info': 'Pick-up at the Checkout Counter.', 'diet_categories': [], 'item_category': 'OTHER', 'buffet': False, 'positive_rating_reasons': ['POSITIVE_FEEDBACK_FRIENDLY_STAFF', 'POSITIVE_FEEDBACK_GREAT_VALUE', 'POSITIVE_FEEDBACK_GREAT_QUANTITY', 'POSITIVE_FEEDBACK_QUICK_COLLECTION', 'POSITIVE_FEEDBACK_DELICIOUS_FOOD', 'POSITIVE_FEEDBACK_GREAT_VARIETY'], 'average_overall_rating': {'average_overall_rating': 4.32258064516129, 'rating_count': 31, 'month_count': 6}, 'favorite_count': 0}","{'store_id': '914074', 'store_name': 'Circle K', 'branch': 'HL - 6711: 801 W. Addison', 'description': '', 'tax_identifier': '', 'website': '', 'store_location': {'address': {'country': {'iso_code': 'US', 'name': 'USA'}, 'address_line': '801 W Addison St, Chicago, IL 60613, USA', 'city': '', 'postal_code': ''}, 'location': {'longitude': -87.6498629, 'latitude': 41.947118}}, 'logo_picture': {'picture_id': '923430', 'current_url': 'https://images.tgtg.ninja/storebulkimport/logo/64401/be63376b-9de8-4d26-abe8-b9513348aaff.png', 'is_automatically_created': False}, 'store_time_zone': 'America/Chicago', 'hidden': False, 'favorite_count': 0, 'distance': 0.14587516074123266, 'cover_picture': {'picture_id': '70239301907944833', 'current_url': 'https://images.tgtg.ninja/itembulkimport/cover/186de5de-0770-439e-999e-9184834bba8c.jpg', 'is_automatically_created': False}, 'is_manufacturer': False}",Circle K - HL - 6711: 801 W. Addison (Circle K Treats & Eats),"{'start': '2025-02-10T19:00:00Z', 'end': '2025-02-11T03:00:00Z'}","{'address': {'country': {'iso_code': 'US', 'name': 'USA'}, 'address_line': '801 W Addison St, Chicago, IL 60613, USA', 'city': '', 'postal_code': ''}, 'location': {'longitude': -87.6498629, 'latitude': 41.947118}}",2025-02-11T03:00:00Z,2,0.14587516074123266,False,True,False,MAGIC_BAG,True,"[{'id': 'X_ITEMS_LEFT', 'short_text': '2 left', 'long_text': '2 left'}]",
"{'item_id': '66671496474078945', 'sales_taxes': [{'tax_description': 'County sales tax', 'tax_percentage': 1.75}, {'tax_description': 'City sales tax', 'tax_percentage': 1.25}, {'tax_description': 'Special meal tax', 'tax_percentage': 0.5}, {'tax_description': 'Special sales tax', 'tax_percentage': 1.0}, {'tax_description': 'State sales tax', 'tax_percentage': 6.25}], 'tax_amount': {'code': 'USD', 'minor_units': 54, 'decimals': 2}, 'price_excluding_taxes': {'code': 'USD', 'minor_units': 499, 'decimals': 2}, 'price_including_taxes': {'code': 'USD', 'minor_units': 499, 'decimals': 2}, 'value_excluding_taxes': {'code': 'USD', 'minor_units': 1500, 'decimals': 2}, 'value_including_taxes': {'code': 'USD', 'minor_units': 1500, 'decimals': 2}, 'taxation_policy': 'PRICE_DOES_NOT_INCLUDE_TAXES', 'show_sales_taxes': True, 'item_price': {'code': 'USD', 'minor_units': 499, 'decimals': 2}, 'item_value': {'code': 'USD', 'minor_units': 1500, 'decimals': 2}, 'cover_picture': {'picture_id': '66681800514885057', 'current_url': 'https://images.tgtg.ninja/item/cover/5c99cfb2-3262-42cd-bb2e-9918d4e72d44.jpg', 'is_automatically_created': False}, 'logo_picture': {'picture_id': '66681632529804321', 'current_url': 'https://images.tgtg.ninja/store/23978e9e-8984-4c3a-9eb1-c3b8436c6a88_thumb.png', 'is_automatically_created': False}, 'name': 'Baked Goods Surprise Bag', 'description': 'Rescue a surprise bag which may contain baked goods and/or other surprises! Variety and specific items not guaranteed. Some items may need to be reheated.', 'subtitle': '', 'food_handling_instructions': '', 'can_user_supply_packaging': False, 'packaging_option': 'BAG_ALLOWED', 'collection_info': '', 'diet_categories': [], 'item_category': 'BAKED_GOODS', 'buffet': False, 'positive_rating_reasons': ['POSITIVE_FEEDBACK_DELICIOUS_FOOD', 'POSITIVE_FEEDBACK_FRIENDLY_STAFF', 'POSITIVE_FEEDBACK_QUICK_COLLECTION', 'POSITIVE_FEEDBACK_GREAT_VALUE', 'POSITIVE_FEEDBACK_GREAT_QUANTITY'], 'average_overall_rating': {'average_overall_rating': 4.9020979020979025, 'rating_count': 143, 'month_count': 5}, 'favorite_count': 0}","{'store_id': '66671496004315937', 'store_name': 'Oak and Honey', 'branch': '', 'description': '', 'tax_identifier': '', 'website': 'https://maps.app.goo.gl/rZdaGQAm6QuGrVjw6', 'store_location': {'address': {'country': {'iso_code': 'US', 'name': 'USA'}, 'address_line': '3124 N Broadway, Chicago, IL 60657, USA', 'city': '', 'postal_code': ''}, 'location': {'longitude': -87.6446285, 'latitude': 41.9384546}}, 'logo_picture': {'picture_id': '66681632529804321', 'current_url': 'https://images.tgtg.ninja/store/23978e9e-8984-4c3a-9eb1-c3b8436c6a88_thumb.png', 'is_automatically_created': False}, 'store_time_zone': 'America/Chicago', 'hidden': False, 'favorite_count': 0, 'distance': 1.1991355173858373, 'cover_picture': {'picture_id': '66681800514885057', 'current_url': 'https://images.tgtg.ninja/item/cover/5c99cfb2-3262-42cd-bb2e-9918d4e72d44.jpg', 'is_automatically_created': False}, 'is_manufacturer': False}",Oak and Honey (Baked Goods Surprise Bag),,"{'address': {'country': {'iso_code': 'US', 'name': 'USA'}, 'address_line': '3124 N Broadway, Chicago, IL 60657, USA', 'city': '', 'postal_code': ''}, 'location': {'longitude': -87.6446285, 'latitude': 41.9384546}}",,0,1.1991355173858373,False,False,False,MAGIC_BAG,True,"[{'id': 'NOTHING_TO_SAVE_TODAY', 'short_text': 'Nothing today', 'long_text': 'Nothing today'}]",
"{'item_id': '1563614', 'sales_taxes': [{'tax_description': 'County sales tax', 'tax_percentage': 1.75}, {'tax_description': 'Special meal tax', 'tax_percentage': 0.5}, {'tax_description': 'State sales tax', 'tax_percentage': 6.25}, {'tax_description': 'Special sales tax', 'tax_percentage': 1.0}, {'tax_description': 'City sales tax', 'tax_percentage': 1.25}], 'tax_amount': {'code': 'USD', 'minor_units': 107, 'decimals': 2}, 'price_excluding_taxes': {'code': 'USD', 'minor_units': 999, 'decimals': 2}, 'price_including_taxes': {'code': 'USD', 'minor_units': 999, 'decimals': 2}, 'value_excluding_taxes': {'code': 'USD', 'minor_units': 3000, 'decimals': 2}, 'value_including_taxes': {'code': 'USD', 'minor_units': 3000, 'decimals': 2}, 'taxation_policy': 'PRICE_DOES_NOT_INCLUDE_TAXES', 'show_sales_taxes': True, 'item_price': {'code': 'USD', 'minor_units': 999, 'decimals': 2}, 'item_value': {'code': 'USD', 'minor_units': 3000, 'decimals': 2}, 'cover_picture': {'picture_id': '1226517', 'current_url': 'https://images.tgtg.ninja/itembulkimport/cover/afc8cd9a-79fc-4030-90dd-11105a3a7de5.jpg', 'is_automatically_created': False}, 'logo_picture': {'picture_id': '1226516', 'current_url': 'https://images.tgtg.ninja/itembulkimport/logo/f2b14876-d294-4fa1-86a8-a4604ea1db9e_thumb.png', 'is_automatically_created': False}, 'name': 'Prepared Foods Bag', 'description': 'Save a Surprise Bag filled with a variety of Prepared Food items such as soups, ready-to-eat meals, & protein salads. This bag may contain items at or past their expiration date. However, this does not mean these products are inedible. Please expect that this bag has items with ingredients that contain food allergens. If you have concerns about potential allergens, do not purchase this item.', 'subtitle': '', 'food_handling_instructions': '', 'can_user_supply_packaging': False, 'packaging_option': 'BAG_ALLOWED', 'collection_info': 'Please check in at the Customer Service desk.', 'diet_categories': [], 'item_category': 'MEAL', 'buffet': False, 'positive_rating_reasons': ['POSITIVE_FEEDBACK_GREAT_QUANTITY', 'POSITIVE_FEEDBACK_GREAT_VALUE', 'POSITIVE_FEEDBACK_FRIENDLY_STAFF', 'POSITIVE_FEEDBACK_QUICK_COLLECTION', 'POSITIVE_FEEDBACK_DELICIOUS_FOOD'], 'average_overall_rating': {'average_overall_rating': 4.63302752293578, 'rating_count': 218, 'month_count': 6}, 'favorite_count': 0}","{'store_id': '1203968', 'store_name': 'Whole Foods- IL', 'branch': 'Halsted', 'description': '', 'tax_identifier': '', 'website': '', 'store_location': {'address': {'country': {'iso_code': 'US', 'name': 'USA'}, 'address_line': '3640 N Halsted St, Chicago, IL 60613, USA', 'city': '', 'postal_code': ''}, 'location': {'longitude': -87.6498662, 'latitude': 41.9482889}}, 'logo_picture': {'picture_id': '1209689', 'current_url': 'https://images.tgtg.ninja/store/d01a7585-2c46-4ff0-bcd2-ad4cef07a78d_thumb.png', 'is_automatically_created': False}, 'store_time_zone': 'America/Chicago', 'hidden': False, 'favorite_count': 0, 'distance': 0.03264300316977083, 'cover_picture': {'picture_id': '1226517', 'current_url': 'https://images.tgtg.ninja/itembulkimport/cover/afc8cd9a-79fc-4030-90dd-11105a3a7de5.jpg', 'is_automatically_created': False}, 'is_manufacturer': False}",Whole Foods- IL - Halsted (Prepared Foods Bag),"{'start': '2025-02-11T02:00:00Z', 'end': '2025-02-11T03:00:00Z'}","{'address': {'country': {'iso_code': 'US', 'name': 'USA'}, 'address_line': '3640 N Halsted St, Chicago, IL 60613, USA', 'city': '', 'postal_code': ''}, 'location': {'longitude': -87.6498662, 'latitude': 41.9482889}}",2025-02-11T03:00:00Z,0,0.03264300316977083,False,True,False,MAGIC_BAG,True,"[{'id': 'SOLD_OUT', 'short_text': 'Sold out'}]",2025-02-10T03:29:34Z
"{'item_id': '65334134698501249', 'sales_taxes': [{'tax_description': 'Special sales tax', 'tax_percentage': 1.25}, {'tax_description': 'State sales tax', 'tax_percentage': 1.0}], 'tax_amount': {'code': 'USD', 'minor_units': 16, 'decimals': 2}, 'price_excluding_taxes': {'code': 'USD', 'minor_units': 699, 'decimals': 2}, 'price_including_taxes': {'code': 'USD', 'minor_units': 699, 'decimals': 2}, 'value_excluding_taxes': {'code': 'USD', 'minor_units': 2100, 'decimals': 2}, 'value_including_taxes': {'code': 'USD', 'minor_units': 2100, 'decimals': 2}, 'taxation_policy': 'PRICE_DOES_NOT_INCLUDE_TAXES', 'show_sales_taxes': True, 'item_price': {'code': 'USD', 'minor_units': 699, 'decimals': 2}, 'item_value': {'code': 'USD', 'minor_units': 2100, 'decimals': 2}, 'cover_picture': {'picture_id': '66344539672541153', 'current_url': 'https://images.tgtg.ninja/item/cover/c9c529d7-1030-4ef9-aba1-4104f7f8b49e.jpg', 'is_automatically_created': False}, 'logo_picture': {'picture_id': '66344284691467681', 'current_url': 'https://images.tgtg.ninja/store/19669ad5-3f10-46c7-ab33-aae30ba20461_thumb.png', 'is_automatically_created': False}, 'name': '', 'description': 'Rescue a Surprise Box filled with our delicious pizza! Pizza price is decided by weight! Variety not guaranteed. May need to be reheated at home. ', 'subtitle': '', 'food_handling_instructions': 'Follow the reheat instructions. Keep refrigerated if necessary. Slices with pesto may contain pine nuts. Slices may contain meat (non pork) and Dairy. ', 'can_user_supply_packaging': False, 'packaging_option': 'MUST_BRING_BAG', 'collection_info': 'When entering the shop, let the server at the counter know that you are picking up a too good to go order. Confirm, and enjoy! ', 'diet_categories': [], 'item_category': 'MEAL', 'buffet': False, 'positive_rating_reasons': ['POSITIVE_FEEDBACK_DELICIOUS_FOOD', 'POSITIVE_FEEDBACK_GREAT_QUANTITY', 'POSITIVE_FEEDBACK_GREAT_VALUE', 'POSITIVE_FEEDBACK_QUICK_COLLECTION', 'POSITIVE_FEEDBACK_FRIENDLY_STAFF'], 'average_overall_rating': {'average_overall_rating': 4.866906474820144, 'rating_count': 278, 'month_count': 5}, 'favorite_count': 0}","{'store_id': '65334134094515873', 'store_name': 'Bonci Pizzeria', 'branch': '', 'description': '', 'tax_identifier': '', 'website': 'https://bonciusa.com/', 'store_location': {'address': {'country': {'iso_code': 'US', 'name': 'USA'}, 'address_line': '3151 N Broadway, Chicago, IL 60657, USA', 'city': '', 'postal_code': ''}, 'location': {'longitude': -87.6442369, 'latitude': 41.939079}}, 'logo_picture': {'picture_id': '66344284691467681', 'current_url': 'https://images.tgtg.ninja/store/19669ad5-3f10-46c7-ab33-aae30ba20461_thumb.png', 'is_automatically_created': False}, 'store_time_zone': 'America/Chicago', 'hidden': False, 'favorite_count': 0, 'distance': 1.1490127039519635, 'cover_picture': {'picture_id': '66344539672541153', 'current_url': 'https://images.tgtg.ninja/item/cover/c9c529d7-1030-4ef9-aba1-4104f7f8b49e.jpg', 'is_automatically_created': False}, 'is_manufacturer': False}",Bonci Pizzeria,"{'start': '2025-02-11T02:30:00Z', 'end': '2025-02-11T03:00:00Z'}","{'address': {'country': {'iso_code': 'US', 'name': 'USA'}, 'address_line': '3151 N Broadway, Chicago, IL 60657, USA', 'city': '', 'postal_code': ''}, 'location': {'longitude': -87.6442369, 'latitude': 41.939079}}",2025-02-11T03:00:00Z,0,1.1490127039519635,False,True,False,MAGIC_BAG,True,"[{'id': 'SOLD_OUT', 'short_text': 'Sold out'}]",2025-02-10T19:10:47Z
"{'item_id': '41992227197524321', 'sales_taxes': [{'tax_description': 'State sales tax', 'tax_percentage': 1.0}, {'tax_description': 'Special sales tax', 'tax_percentage': 1.25}], 'tax_amount': {'code': 'USD', 'minor_units': 11, 'decimals': 2}, 'price_excluding_taxes': {'code': 'USD', 'minor_units': 499, 'decimals': 2}, 'price_including_taxes': {'code': 'USD', 'minor_units': 499, 'decimals': 2}, 'value_excluding_taxes': {'code': 'USD', 'minor_units': 1500, 'decimals': 2}, 'value_including_taxes': {'code': 'USD', 'minor_units': 1500, 'decimals': 2}, 'taxation_policy': 'PRICE_DOES_NOT_INCLUDE_TAXES', 'show_sales_taxes': True, 'item_price': {'code': 'USD', 'minor_units': 499, 'decimals': 2}, 'item_value': {'code': 'USD', 'minor_units': 1500, 'decimals': 2}, 'cover_picture': {'picture_id': '41993298389214369', 'current_url': 'https://images.tgtg.ninja/item/cover/e76fa22d-2e1b-4ab4-8c81-666d195fa363.jpg', 'is_automatically_created': False}, 'logo_picture': {'picture_id': '41993490224707329', 'current_url': 'https://images.tgtg.ninja/store/db1e0963-f3f0-40fa-a4f4-99d83af88c18_thumb.png', 'is_automatically_created': False}, 'name': 'Surprise Bag', 'description': 'Pure Green custom oatmeal bowl with fruit toppings and/or near expiration juices and snacks', 'subtitle': '', 'can_user_supply_packaging': False, 'packaging_option': 'BAG_ALLOWED', 'diet_categories': [], 'item_category': 'MEAL', 'buffet': False, 'positive_rating_reasons': ['POSITIVE_FEEDBACK_FRIENDLY_STAFF', 'POSITIVE_FEEDBACK_QUICK_COLLECTION', 'POSITIVE_FEEDBACK_GREAT_QUANTITY', 'POSITIVE_FEEDBACK_GREAT_VALUE', 'POSITIVE_FEEDBACK_DELICIOUS_FOOD'], 'average_overall_rating': {'average_overall_rating': 4.597560975609756, 'rating_count': 82, 'month_count': 6}, 'favorite_count': 0}","{'store_id': '41992226694215425', 'store_name': 'Pure Green', 'branch': 'Lakeview', 'description': '', 'tax_identifier': '', 'website': '', 'store_location': {'address': {'country': {'iso_code': 'US', 'name': 'USA'}, 'address_line': '3333 N Broadway, Chicago, IL 60657, USA', 'city': '', 'postal_code': ''}, 'location': {'longitude': -87.6443433, 'latitude': 41.9428984}}, 'logo_picture': {'picture_id': '41993490224707329', 'current_url': 'https://images.tgtg.ninja/store/db1e0963-f3f0-40fa-a4f4-99d83af88c18_thumb.png', 'is_automatically_created': False}, 'store_time_zone': 'America/Chicago', 'hidden': False, 'favorite_count': 0, 'distance': 0.7819754121311525, 'cover_picture': {'picture_id': '41993298389214369', 'current_url': 'https://images.tgtg.ninja/item/cover/e76fa22d-2e1b-4ab4-8c81-666d195fa363.jpg', 'is_automatically_created': False}, 'is_manufacturer': False}",Pure Green - Lakeview (Surprise Bag),"{'start': '2025-02-11T02:00:00Z', 'end': '2025-02-11T02:30:00Z'}","{'address': {'country': {'iso_code': 'US', 'name': 'USA'}, 'address_line': '3333 N Broadway, Chicago, IL 60657, USA', 'city': '', 'postal_code': ''}, 'location': {'longitude': -87.6443433, 'latitude': 41.9428984}}",2025-02-11T02:30:00Z,0,0.7819754121311525,False,True,False,MAGIC_BAG,True,"[{'id': 'SOLD_OUT', 'short_text': 'Sold out'}]",2025-02-10T03:48:54Z
"{'item_id': '505943', 'sales_taxes': [{'tax_description': 'Special sales tax', 'tax_percentage': 1.0}, {'tax_description': 'State sales tax', 'tax_percentage': 6.25}, {'tax_description': 'City sales tax', 'tax_percentage': 1.25}, {'tax_description': 'County sales tax', 'tax_percentage': 1.75}, {'tax_description': 'Special meal tax', 'tax_percentage': 0.5}], 'tax_amount': {'code': 'USD', 'minor_units': 54, 'decimals': 2}, 'price_excluding_taxes': {'code': 'USD', 'minor_units': 499, 'decimals': 2}, 'price_including_taxes': {'code': 'USD', 'minor_units': 499, 'decimals': 2}, 'value_excluding_taxes': {'code': 'USD', 'minor_units': 1500, 'decimals': 2}, 'value_including_taxes': {'code': 'USD', 'minor_units': 1500, 'decimals': 2}, 'taxation_policy': 'PRICE_DOES_NOT_INCLUDE_TAXES', 'show_sales_taxes': True, 'item_price': {'code': 'USD', 'minor_units': 499, 'decimals': 2}, 'item_value': {'code': 'USD', 'minor_units': 1500, 'decimals': 2}, 'cover_picture': {'picture_id': '545746', 'current_url': 'https://images.tgtg.ninja/item/cover/513922f4-aec5-4420-81e1-d73fdfb0533b.jpg', 'is_automatically_created': False}, 'logo_picture': {'picture_id': '545734', 'current_url': 'https://images.tgtg.ninja/store/3b2a1574-8644-4749-a900-e89e3cce8729.jpg', 'is_automatically_created': False}, 'name': '', 'description': 'Save a Surprise Bag and enjoy a frozen treat from Dairy Queen! \n\nVariety and specific flavors are not guaranteed. ', 'subtitle': '', 'food_handling_instructions': '', 'can_user_supply_packaging': False, 'packaging_option': 'BAG_ALLOWED', 'collection_info': '', 'diet_categories': ['VEGETARIAN'], 'item_category': 'OTHER', 'buffet': False, 'positive_rating_reasons': ['POSITIVE_FEEDBACK_DELICIOUS_FOOD', 'POSITIVE_FEEDBACK_QUICK_COLLECTION', 'POSITIVE_FEEDBACK_GREAT_VALUE', 'POSITIVE_FEEDBACK_FRIENDLY_STAFF', 'POSITIVE_FEEDBACK_GREAT_QUANTITY', 'POSITIVE_FEEDBACK_GREAT_VARIETY'], 'average_overall_rating': {'average_overall_rating': 4.482758620689655, 'rating_count': 87, 'month_count': 6}, 'favorite_count': 0}","{'store_id': '555104', 'store_name': 'Dairy Queen (Treat)', 'branch': 'Southport', 'description': '', 'tax_identifier': '', 'website': 'www.dairyqueen.com/en-us/', 'store_location': {'address': {'country': {'iso_code': 'US', 'name': 'USA'}, 'address_line': '3811 N Southport Ave, Chicago, IL 60613, USA', 'city': '', 'postal_code': ''}, 'location': {'longitude': -87.6639129, 'latitude': 41.9511101}}, 'logo_picture': {'picture_id': '545734', 'current_url': 'https://images.tgtg.ninja/store/3b2a1574-8644-4749-a900-e89e3cce8729.jpg', 'is_automatically_created': False}, 'store_time_zone': 'America/Chicago', 'hidden': False, 'favorite_count': 0, 'distance': 1.170896488278227, 'cover_picture': {'picture_id': '545746', 'current_url': 'https://images.tgtg.ninja/item/cover/513922f4-aec5-4420-81e1-d73fdfb0533b.jpg', 'is_automatically_created': False}, 'is_manufacturer': False}",Dairy Queen (Treat) - Southport,,"{'address': {'country': {'iso_code': 'US', 'name': 'USA'}, 'address_line': '3811 N Southport Ave, Chicago, IL 60613, USA', 'city': '', 'postal_code': ''}, 'location': {'longitude': -87.6639129, 'latitude': 41.9511101}}",,0,1.170896488278227,False,False,False,MAGIC_BAG,True,"[{'id': 'NOTHING_TO_SAVE_TODAY', 'short_text': 'Nothing today', 'long_text': 'Nothing today'}]",
"{'item_id': '508276', 'sales_taxes': [{'tax_description': 'Special meal tax', 'tax_percentage': 0.5}, {'tax_description': 'County sales tax', 'tax_percentage': 1.75}, {'tax_description': 'City sales tax', 'tax_percentage': 1.25}, {'tax_description': 'Special sales tax', 'tax_percentage': 1.0}, {'tax_description': 'State sales tax', 'tax_percentage': 6.25}], 'tax_amount': {'code': 'USD', 'minor_units': 64, 'decimals': 2}, 'price_excluding_taxes': {'code': 'USD', 'minor_units': 599, 'decimals': 2}, 'price_including_taxes': {'code': 'USD', 'minor_units': 599, 'decimals': 2}, 'value_excluding_taxes': {'code': 'USD', 'minor_units': 1800, 'decimals': 2}, 'value_including_taxes': {'code': 'USD', 'minor_units': 1800, 'decimals': 2}, 'taxation_policy': 'PRICE_DOES_NOT_INCLUDE_TAXES', 'show_sales_taxes': True, 'item_price': {'code': 'USD', 'minor_units': 599, 'decimals': 2}, 'item_value': {'code': 'USD', 'minor_units': 1800, 'decimals': 2}, 'cover_picture': {'picture_id': '610988', 'current_url': 'https://images.tgtg.ninja/item/cover/5894720c-2e5c-448e-b6d6-e61b08600e6a.png', 'is_automatically_created': False}, 'logo_picture': {'picture_id': '810919', 'current_url': 'https://images.tgtg.ninja/store/aad117ff-11b1-46b2-ae62-0c4dc4dc9741.jpg', 'is_automatically_created': False}, 'name': 'Vegetarian', 'description': 'Save a Surprise Bag and enjoy a delicious vegetarian meal from Bombay Wraps!', 'subtitle': '', 'food_handling_instructions': '', 'can_user_supply_packaging': False, 'packaging_option': 'MUST_BRING_BAG', 'collection_info': 'For pick up instructions:\n-Please be here between 9:00pm(not earlier)-9:15pm (if you can’t make it on time please give us a call 773.799.89.89)\n-Please bring your own bag.\n- Make sure your App is open and ready to select “swipe to collect”.', 'diet_categories': ['VEGETARIAN'], 'item_category': 'MEAL', 'buffet': False, 'positive_rating_reasons': ['POSITIVE_FEEDBACK_DELICIOUS_FOOD', 'POSITIVE_FEEDBACK_GREAT_QUANTITY', 'POSITIVE_FEEDBACK_QUICK_COLLECTION', 'POSITIVE_FEEDBACK_GREAT_VALUE', 'POSITIVE_FEEDBACK_FRIENDLY_STAFF', 'POSITIVE_FEEDBACK_GREAT_VARIETY'], 'average_overall_rating': {'average_overall_rating': 4.732673267326732, 'rating_count': 101, 'month_count': 6}, 'favorite_count': 0}","{'store_id': '593516', 'store_name': 'Bombay Eats', 'branch': 'Lakeview', 'description': 'Fresh · Indian · Fast ', 'tax_identifier': '', 'website': 'Bombayeats.com', 'store_location': {'address': {'country': {'iso_code': 'US', 'name': 'USA'}, 'address_line': '3149 1/2 N Broadway, Chicago, IL 60657, USA', 'city': '', 'postal_code': ''}, 'location': {'longitude': -87.6441266, 'latitude': 41.9390089}}, 'logo_picture': {'picture_id': '810919', 'current_url': 'https://images.tgtg.ninja/store/aad117ff-11b1-46b2-ae62-0c4dc4dc9741.jpg', 'is_automatically_created': False}, 'store_time_zone': 'America/Chicago', 'hidden': False, 'favorite_count': 0, 'distance': 1.159990989171317, 'cover_picture': {'picture_id': '610988', 'current_url': 'https://images.tgtg.ninja/item/cover/5894720c-2e5c-448e-b6d6-e61b08600e6a.png', 'is_automatically_created': False}, 'is_manufacturer': False}",Bombay Eats - Lakeview (Vegetarian),"{'start': '2025-02-11T03:00:00Z', 'end': '2025-02-11T03:15:00Z'}","{'address': {'country': {'iso_code': 'US', 'name': 'USA'}, 'address_line': '3149 1/2 N Broadway, Chicago, IL 60657, USA', 'city': '', 'postal_code': ''}, 'location': {'longitude': -87.6441266, 'latitude': 41.9390089}}",2025-02-11T03:00:00Z,0,1.159990989171317,False,True,False,MAGIC_BAG,True,"[{'id': 'SOLD_OUT', 'short_text': 'Sold out'}]",2025-02-10T05:36:28Z
"{'item_id': '74534708185250561', 'sales_taxes': [{'tax_description': 'County sales tax', 'tax_percentage': 1.75}, {'tax_description': 'City sales tax', 'tax_percentage': 1.25}, {'tax_description': 'State sales tax', 'tax_percentage': 6.25}, {'tax_description': 'Special sales tax', 'tax_percentage': 1.0}, {'tax_description': 'Special meal tax', 'tax_percentage': 0.5}], 'tax_amount': {'code': 'USD', 'minor_units': 64, 'decimals': 2}, 'price_excluding_taxes': {'code': 'USD', 'minor_units': 599, 'decimals': 2}, 'price_including_taxes': {'code': 'USD', 'minor_units': 599, 'decimals': 2}, 'value_excluding_taxes': {'code': 'USD', 'minor_units': 1800, 'decimals': 2}, 'value_including_taxes': {'code': 'USD', 'minor_units': 1800, 'decimals': 2}, 'taxation_policy': 'PRICE_DOES_NOT_INCLUDE_TAXES', 'show_sales_taxes': True, 'item_price': {'code': 'USD', 'minor_units': 599, 'decimals': 2}, 'item_value': {'code': 'USD', 'minor_units': 1800, 'decimals': 2}, 'cover_picture': {'picture_id': '74535030777555169', 'current_url': 'https://images.tgtg.ninja/item/cover/e0a449e2-6a06-4e69-9eaf-251171ea03ef.jpg', 'is_automatically_created': False}, 'logo_picture': {'picture_id': '74534685804448289', 'current_url': 'https://images.tgtg.ninja/store/a00d38a8-b200-407a-9af2-8ca17fd48a0b_thumb.png', 'is_automatically_created': False}, 'name': 'Surprise Bag', 'description': 'Rescue a surprise bag which may contain pizza slices and/or other surprises! Variety and specific items not guaranteed. Some items may need to be reheated.', 'subtitle': '', 'food_handling_instructions': '', 'can_user_supply_packaging': False, 'packaging_option': 'BAG_ALLOWED', 'collection_info': '', 'diet_categories': [], 'item_category': 'MEAL', 'buffet': False, 'positive_rating_reasons': ['POSITIVE_FEEDBACK_DELICIOUS_FOOD', 'POSITIVE_FEEDBACK_QUICK_COLLECTION', 'POSITIVE_FEEDBACK_FRIENDLY_STAFF', 'POSITIVE_FEEDBACK_GREAT_VALUE', 'POSITIVE_FEEDBACK_GREAT_QUANTITY'], 'average_overall_rating': {'average_overall_rating': 4.7272727272727275, 'rating_count': 77, 'month_count': 4}, 'favorite_count': 0}","{'store_id': '74532669652839233', 'store_name': ""Zaza's Pizzeria"", 'branch': '', 'description': 'Artisan New York style pizzeria.', 'tax_identifier': '', 'website': 'https://maps.app.goo.gl/cdDSRJvQGjGZACRM6', 'store_location': {'address': {'country': {'iso_code': 'US', 'name': 'USA'}, 'address_line': '3037 N Clark St, Chicago, IL 60657, USA', 'city': '', 'postal_code': ''}, 'location': {'longitude': -87.6484889, 'latitude': 41.9374459}}, 'logo_picture': {'picture_id': '74534685804448289', 'current_url': 'https://images.tgtg.ninja/store/a00d38a8-b200-407a-9af2-8ca17fd48a0b_thumb.png', 'is_automatically_created': False}, 'store_time_zone': 'America/Chicago', 'hidden': False, 'favorite_count': 0, 'distance': 1.2266450129804929, 'cover_picture': {'picture_id': '74535030777555169', 'current_url': 'https://images.tgtg.ninja/item/cover/e0a449e2-6a06-4e69-9eaf-251171ea03ef.jpg', 'is_automatically_created': False}, 'is_manufacturer': False}",Zaza's Pizzeria (Surprise Bag),,"{'address': {'country': {'iso_code': 'US', 'name': 'USA'}, 'address_line': '3037 N Clark St, Chicago, IL 60657, USA', 'city': '', 'postal_code': ''}, 'location': {'longitude': -87.6484889, 'latitude': 41.9374459}}",,0,1.2266450129804929,False,False,False,MAGIC_BAG,True,"[{'id': 'NOTHING_TO_SAVE_TODAY', 'short_text': 'Nothing today', 'long_text': 'Nothing today'}]",
"{'item_id': '374160', 'sales_taxes': [{'tax_description': 'City sales tax', 'tax_percentage': 1.25}, {'tax_description': 'State sales tax', 'tax_percentage': 6.25}, {'tax_description': 'Special sales tax', 'tax_percentage': 1.0}, {'tax_description': 'Special meal tax', 'tax_percentage': 0.5}, {'tax_description': 'County sales tax', 'tax_percentage': 1.75}], 'tax_amount': {'code': 'USD', 'minor_units': 43, 'decimals': 2}, 'price_excluding_taxes': {'code': 'USD', 'minor_units': 399, 'decimals': 2}, 'price_including_taxes': {'code': 'USD', 'minor_units': 399, 'decimals': 2}, 'value_excluding_taxes': {'code': 'USD', 'minor_units': 1200, 'decimals': 2}, 'value_including_taxes': {'code': 'USD', 'minor_units': 1200, 'decimals': 2}, 'taxation_policy': 'PRICE_DOES_NOT_INCLUDE_TAXES', 'show_sales_taxes': True, 'item_price': {'code': 'USD', 'minor_units': 399, 'decimals': 2}, 'item_value': {'code': 'USD', 'minor_units': 1200, 'decimals': 2}, 'cover_picture': {'picture_id': '26112576056246881', 'current_url': 'https://images.tgtg.ninja/item/cover/0f6fcb8a-3c14-4048-ad92-0ffa3c7833db.png', 'is_automatically_created': False}, 'logo_picture': {'picture_id': '519268', 'current_url': 'https://images.tgtg.ninja/store/8d0003ba-f63d-4c5d-84b0-1f45cb396278_thumb.png', 'is_automatically_created': False}, 'name': '', 'description': 'Contents range from baked goods to breakfast sandwiches and everything in between! Always vegan. \n\nEmbrace the surprise and please remember that specific preferences and variety are not guaranteed.', 'subtitle': '', 'food_handling_instructions': '', 'can_user_supply_packaging': False, 'packaging_option': 'BAG_ALLOWED', 'collection_info': '', 'diet_categories': ['VEGAN'], 'item_category': 'OTHER', 'buffet': False, 'positive_rating_reasons': ['POSITIVE_FEEDBACK_FRIENDLY_STAFF', 'POSITIVE_FEEDBACK_QUICK_COLLECTION', 'POSITIVE_FEEDBACK_DELICIOUS_FOOD', 'POSITIVE_FEEDBACK_GREAT_VALUE', 'POSITIVE_FEEDBACK_GREAT_QUANTITY', 'POSITIVE_FEEDBACK_GREAT_VARIETY'], 'average_overall_rating': {'average_overall_rating': 4.7, 'rating_count': 10, 'month_count': 6}, 'favorite_count': 0}","{'store_id': '523536', 'store_name': 'Fancy Plants Cafe', 'branch': '', 'description': '', 'tax_identifier': '', 'website': 'fancyplantscatering.com', 'store_location': {'address': {'country': {'iso_code': 'US', 'name': 'USA'}, 'address_line': '613 W Briar Pl, Chicago, IL 60657, USA', 'city': '', 'postal_code': ''}, 'location': {'longitude': -87.6449135, 'latitude': 41.9389896}}, 'logo_picture': {'picture_id': '519268', 'current_url': 'https://images.tgtg.ninja/store/8d0003ba-f63d-4c5d-84b0-1f45cb396278_thumb.png', 'is_automatically_created': False}, 'store_time_zone': 'America/Chicago', 'hidden': False, 'favorite_count': 0, 'distance': 1.135158529359277, 'cover_picture': {'picture_id': '26112576056246881', 'current_url': 'https://images.tgtg.ninja/item/cover/0f6fcb8a-3c14-4048-ad92-0ffa3c7833db.png', 'is_automatically_created': False}, 'is_manufacturer': False}",Fancy Plants Cafe,,"{'address': {'country': {'iso_code': 'US', 'name': 'USA'}, 'address_line': '613 W Briar Pl, Chicago, IL 60657, USA', 'city': '', 'postal_code': ''}, 'location': {'longitude': -87.6449135, 'latitude': 41.9389896}}",,0,1.135158529359277,False,False,False,MAGIC_BAG,True,"[{'id': 'NOTHING_TO_SAVE_TODAY', 'short_text': 'Nothing today', 'long_text': 'Nothing today'}]",
"{'item_id': '517202', 'sales_taxes': [{'tax_description': 'Special sales tax', 'tax_percentage': 1.0}, {'tax_description': 'County sales tax', 'tax_percentage': 1.75}, {'tax_description': 'Special meal tax', 'tax_percentage': 0.5}, {'tax_description': 'City sales tax', 'tax_percentage': 1.25}, {'tax_description': 'State sales tax', 'tax_percentage': 6.25}], 'tax_amount': {'code': 'USD', 'minor_units': 54, 'decimals': 2}, 'price_excluding_taxes': {'code': 'USD', 'minor_units': 499, 'decimals': 2}, 'price_including_taxes': {'code': 'USD', 'minor_units': 499, 'decimals': 2}, 'value_excluding_taxes': {'code': 'USD', 'minor_units': 1500, 'decimals': 2}, 'value_including_taxes': {'code': 'USD', 'minor_units': 1500, 'decimals': 2}, 'taxation_policy': 'PRICE_DOES_NOT_INCLUDE_TAXES', 'show_sales_taxes': True, 'item_price': {'code': 'USD', 'minor_units': 499, 'decimals': 2}, 'item_value': {'code': 'USD', 'minor_units': 1500, 'decimals': 2}, 'cover_picture': {'picture_id': '604232', 'current_url': 'https://images.tgtg.ninja/item/cover/197240f5-3560-41c1-ab56-03e9aadf43fd.jpg', 'is_automatically_created': False}, 'logo_picture': {'picture_id': '604241', 'current_url': 'https://images.tgtg.ninja/store/49f13fa4-7d96-4e30-9010-c9778c37c6ab.jpg', 'is_automatically_created': False}, 'name': '', 'description': 'Save a Surprise Bag and enjoy a delicious meal.', 'subtitle': '', 'food_handling_instructions': '', 'can_user_supply_packaging': False, 'packaging_option': 'BAG_ALLOWED', 'collection_info': '', 'diet_categories': [], 'item_category': 'MEAL', 'buffet': False, 'positive_rating_reasons': ['POSITIVE_FEEDBACK_FRIENDLY_STAFF', 'POSITIVE_FEEDBACK_GREAT_QUANTITY', 'POSITIVE_FEEDBACK_GREAT_VALUE', 'POSITIVE_FEEDBACK_DELICIOUS_FOOD', 'POSITIVE_FEEDBACK_QUICK_COLLECTION', 'POSITIVE_FEEDBACK_GREAT_VARIETY'], 'average_overall_rating': {'average_overall_rating': 4.7272727272727275, 'rating_count': 66, 'month_count': 6}, 'favorite_count': 0}","{'store_id': '592660', 'store_name': 'Big G’s Pizza ', 'branch': '', 'description': 'Like pizza? You’ll love us. NY style thin crust pizza with 40 difft. options. Our wings & desserts, loved by all. Hablamos Español! Established 2012.', 'tax_identifier': '', 'website': 'big-gspizza.com/', 'store_location': {'address': {'country': {'iso_code': 'US', 'name': 'USA'}, 'address_line': '3716 N Clark St, Chicago, IL 60613, USA', 'city': '', 'postal_code': ''}, 'location': {'longitude': -87.6586269, 'latitude': 41.9495204}}, 'logo_picture': {'picture_id': '604241', 'current_url': 'https://images.tgtg.ninja/store/49f13fa4-7d96-4e30-9010-c9778c37c6ab.jpg', 'is_automatically_created': False}, 'store_time_zone': 'America/Chicago', 'hidden': False, 'favorite_count': 0, 'distance': 0.7054119257474274, 'cover_picture': {'picture_id': '604232', 'current_url': 'https://images.tgtg.ninja/item/cover/197240f5-3560-41c1-ab56-03e9aadf43fd.jpg', 'is_automatically_created': False}, 'is_manufacturer': False}",Big G’s Pizza ,"{'start': '2025-02-11T04:15:00Z', 'end': '2025-02-11T04:45:00Z'}","{'address': {'country': {'iso_code': 'US', 'name': 'USA'}, 'address_line': '3716 N Clark St, Chicago, IL 60613, USA', 'city': '', 'postal_code': ''}, 'location': {'longitude': -87.6586269, 'latitude': 41.9495204}}",2025-02-11T04:45:00Z,0,0.7054119257474274,False,True,False,MAGIC_BAG,True,"[{'id': 'SOLD_OUT', 'short_text': 'Sold out'}]",2025-02-10T20:06:17Z
"{'item_id': '508273', 'sales_taxes': [{'tax_description': 'Special meal tax', 'tax_percentage': 0.5}, {'tax_description': 'County sales tax', 'tax_percentage': 1.75}, {'tax_description': 'Special sales tax', 'tax_percentage': 1.0}, {'tax_description': 'City sales tax', 'tax_percentage': 1.25}, {'tax_description': 'State sales tax', 'tax_percentage': 6.25}], 'tax_amount': {'code': 'USD', 'minor_units': 64, 'decimals': 2}, 'price_excluding_taxes': {'code': 'USD', 'minor_units': 599, 'decimals': 2}, 'price_including_taxes': {'code': 'USD', 'minor_units': 599, 'decimals': 2}, 'value_excluding_taxes': {'code': 'USD', 'minor_units': 1800, 'decimals': 2}, 'value_including_taxes': {'code': 'USD', 'minor_units': 1800, 'decimals': 2}, 'taxation_policy': 'PRICE_DOES_NOT_INCLUDE_TAXES', 'show_sales_taxes': True, 'item_price': {'code': 'USD', 'minor_units': 599, 'decimals': 2}, 'item_value': {'code': 'USD', 'minor_units': 1800, 'decimals': 2}, 'cover_picture': {'picture_id': '605161', 'current_url': 'https://images.tgtg.ninja/item/cover/00af1193-144d-45a2-8aad-e7229dea11d8.png', 'is_automatically_created': False}, 'logo_picture': {'picture_id': '810919', 'current_url': 'https://images.tgtg.ninja/store/aad117ff-11b1-46b2-ae62-0c4dc4dc9741.jpg', 'is_automatically_created': False}, 'name': 'Non-vegetarian bag', 'description': 'Save a Surprise Bag and enjoy a delicious meal from Bombay Wraps! ', 'subtitle': '', 'food_handling_instructions': '', 'can_user_supply_packaging': False, 'packaging_option': 'MUST_BRING_BAG', 'collection_info': 'For pick up instructions:\n-Please be here between 9:00pm(not earlier)-9:15pm (if you can’t make it on time please give us a call 773.799.89.89)\n-Please bring your own bag.\n- Make sure your App is open and ready to select “swipe to collect”.', 'diet_categories': [], 'item_category': 'MEAL', 'buffet': False, 'positive_rating_reasons': ['POSITIVE_FEEDBACK_DELICIOUS_FOOD', 'POSITIVE_FEEDBACK_GREAT_QUANTITY', 'POSITIVE_FEEDBACK_GREAT_VALUE', 'POSITIVE_FEEDBACK_QUICK_COLLECTION', 'POSITIVE_FEEDBACK_FRIENDLY_STAFF', 'POSITIVE_FEEDBACK_GREAT_VARIETY'], 'average_overall_rating': {'average_overall_rating': 4.7894736842105265, 'rating_count': 76, 'month_count': 6}, 'favorite_count': 0}","{'store_id': '593516', 'store_name': 'Bombay Eats', 'branch': 'Lakeview', 'description': 'Fresh · Indian · Fast ', 'tax_identifier': '', 'website': 'Bombayeats.com', 'store_location': {'address': {'country': {'iso_code': 'US', 'name': 'USA'}, 'address_line': '3149 1/2 N Broadway, Chicago, IL 60657, USA', 'city': '', 'postal_code': ''}, 'location': {'longitude': -87.6441266, 'latitude': 41.9390089}}, 'logo_picture': {'picture_id': '810919', 'current_url': 'https://images.tgtg.ninja/store/aad117ff-11b1-46b2-ae62-0c4dc4dc9741.jpg', 'is_automatically_created': False}, 'store_time_zone': 'America/Chicago', 'hidden': False, 'favorite_count': 0, 'distance': 1.159990989171317, 'cover_picture': {'picture_id': '605161', 'current_url': 'https://images.tgtg.ninja/item/cover/00af1193-144d-45a2-8aad-e7229dea11d8.png', 'is_automatically_created': False}, 'is_manufacturer': False}",Bombay Eats - Lakeview (Non-vegetarian bag),"{'start': '2025-02-11T03:00:00Z', 'end': '2025-02-11T03:15:00Z'}","{'address': {'country': {'iso_code': 'US', 'name': 'USA'}, 'address_line': '3149 1/2 N Broadway, Chicago, IL 60657, USA', 'city': '', 'postal_code': ''}, 'location': {'longitude': -87.6441266, 'latitude': 41.9390089}}",2025-02-11T02:55:00Z,0,1.159990989171317,False,True,False,MAGIC_BAG,True,"[{'id': 'SOLD_OUT', 'short_text': 'Sold out'}]",2025-02-10T04:04:11Z
"{'item_id': '12454150898876417', 'sales_taxes': [{'tax_description': 'Special sales tax', 'tax_percentage': 1.0}, {'tax_description': 'County sales tax', 'tax_percentage': 1.75}, {'tax_description': 'State sales tax', 'tax_percentage': 6.25}, {'tax_description': 'City sales tax', 'tax_percentage': 1.25}, {'tax_description': 'Special meal tax', 'tax_percentage': 0.5}], 'tax_amount': {'code': 'USD', 'minor_units': 64, 'decimals': 2}, 'price_excluding_taxes': {'code': 'USD', 'minor_units': 599, 'decimals': 2}, 'price_including_taxes': {'code': 'USD', 'minor_units': 599, 'decimals': 2}, 'value_excluding_taxes': {'code': 'USD', 'minor_units': 1800, 'decimals': 2}, 'value_including_taxes': {'code': 'USD', 'minor_units': 1800, 'decimals': 2}, 'taxation_policy': 'PRICE_DOES_NOT_INCLUDE_TAXES', 'show_sales_taxes': True, 'item_price': {'code': 'USD', 'minor_units': 599, 'decimals': 2}, 'item_value': {'code': 'USD', 'minor_units': 1800, 'decimals': 2}, 'cover_picture': {'picture_id': '454526', 'current_url': 'https://images.tgtg.ninja/standard_images/GENERAL/other3.jpg', 'is_automatically_created': False}, 'logo_picture': {'picture_id': '11311400770273281', 'current_url': 'https://images.tgtg.ninja/store/8e9515fd-4644-4fad-9537-0697d72eb060.png', 'is_automatically_created': False}, 'name': 'Surprise Bag', 'description': 'Rescue a Surprise Bag containing a selection of feel-good food that the store has left at the end of the day.', 'subtitle': '', 'food_handling_instructions': '', 'can_user_supply_packaging': False, 'packaging_option': 'BAG_ALLOWED', 'collection_info': '', 'diet_categories': [], 'item_category': 'MEAL', 'buffet': False, 'positive_rating_reasons': ['POSITIVE_FEEDBACK_FRIENDLY_STAFF', 'POSITIVE_FEEDBACK_DELICIOUS_FOOD', 'POSITIVE_FEEDBACK_QUICK_COLLECTION', 'POSITIVE_FEEDBACK_GREAT_VALUE', 'POSITIVE_FEEDBACK_GREAT_QUANTITY'], 'average_overall_rating': {'average_overall_rating': 3.9675324675324677, 'rating_count': 154, 'month_count': 6}, 'favorite_count': 0}","{'store_id': '1268109', 'store_name': 'The Lanzaga', 'branch': '', 'description': '', 'tax_identifier': '', 'website': 'https://thelanzaga.com/', 'store_location': {'address': {'country': {'iso_code': 'US', 'name': 'USA'}, 'address_line': '3736 North Broadway, Chicago, IL 60613, USA', 'city': '', 'postal_code': ''}, 'location': {'longitude': -87.649212, 'latitude': 41.9500879}}, 'logo_picture': {'picture_id': '11311400770273281', 'current_url': 'https://images.tgtg.ninja/store/8e9515fd-4644-4fad-9537-0697d72eb060.png', 'is_automatically_created': False}, 'store_time_zone': 'America/Chicago', 'hidden': False, 'favorite_count': 0, 'distance': 0.20563563047569797, 'cover_picture': {'picture_id': '454526', 'current_url': 'https://images.tgtg.ninja/standard_images/GENERAL/other3.jpg', 'is_automatically_created': False}, 'is_manufacturer': False}",The Lanzaga (Surprise Bag),,"{'address': {'country': {'iso_code': 'US', 'name': 'USA'}, 'address_line': '3736 North Broadway, Chicago, IL 60613, USA', 'city': '', 'postal_code': ''}, 'location': {'longitude': -87.649212, 'latitude': 41.9500879}}",,0,0.20563563047569797,False,False,False,MAGIC_BAG,True,"[{'id': 'NOTHING_TO_SAVE_TODAY', 'short_text': 'Nothing today', 'long_text': 'Nothing today'}]",
"{'item_id': '374047', 'sales_taxes': [], 'tax_amount': {'code': 'USD', 'minor_units': 0, 'decimals': 2}, 'price_excluding_taxes': {'code': 'USD', 'minor_units': 499, 'decimals': 2}, 'price_including_taxes': {'code': 'USD', 'minor_units': 499, 'decimals': 2}, 'value_excluding_taxes': {'code': 'USD', 'minor_units': 1500, 'decimals': 2}, 'value_including_taxes': {'code': 'USD', 'minor_units': 1500, 'decimals': 2}, 'taxation_policy': 'PRICE_DOES_NOT_INCLUDE_TAXES', 'show_sales_taxes': True, 'item_price': {'code': 'USD', 'minor_units': 499, 'decimals': 2}, 'item_value': {'code': 'USD', 'minor_units': 1500, 'decimals': 2}, 'cover_picture': {'picture_id': '512944', 'current_url': 'https://images.tgtg.ninja/item/cover/7c395f37-ba49-4248-b2da-a82b3e9c0d4a.jpg', 'is_automatically_created': False}, 'logo_picture': {'picture_id': '512943', 'current_url': 'https://images.tgtg.ninja/store/528b42ce-13f0-414f-9e0a-79264a4f481d.jpg', 'is_automatically_created': False}, 'name': '', 'description': 'Rescue a Magic Bag filled with delicious baked goods.', 'subtitle': '', 'food_handling_instructions': '', 'can_user_supply_packaging': False, 'packaging_option': 'BAG_ALLOWED', 'collection_info': '', 'diet_categories': [], 'item_category': 'BAKED_GOODS', 'buffet': False, 'positive_rating_reasons': ['POSITIVE_FEEDBACK_FRIENDLY_STAFF', 'POSITIVE_FEEDBACK_DELICIOUS_FOOD', 'POSITIVE_FEEDBACK_GREAT_QUANTITY', 'POSITIVE_FEEDBACK_GREAT_VALUE', 'POSITIVE_FEEDBACK_QUICK_COLLECTION', 'POSITIVE_FEEDBACK_GREAT_VARIETY'], 'average_overall_rating': {'average_overall_rating': 4.627450980392157, 'rating_count': 51, 'month_count': 6}, 'favorite_count': 0}","{'store_id': '536463', 'store_name': 'Chicago Sugar Daddy', 'branch': '', 'description': '', 'tax_identifier': '', 'website': 'chicagosugardaddy.com', 'store_location': {'address': {'country': {'iso_code': 'US', 'name': 'USA'}, 'address_line': '3243 N Broadway, Chicago, IL 60657, USA', 'city': '', 'postal_code': ''}, 'location': {'longitude': -87.6441909, 'latitude': 41.9413521}}, 'logo_picture': {'picture_id': '512943', 'current_url': 'https://images.tgtg.ninja/store/528b42ce-13f0-414f-9e0a-79264a4f481d.jpg', 'is_automatically_created': False}, 'store_time_zone': 'America/Chicago', 'hidden': False, 'favorite_count': 0, 'distance': 0.9294608071549798, 'cover_picture': {'picture_id': '512944', 'current_url': 'https://images.tgtg.ninja/item/cover/7c395f37-ba49-4248-b2da-a82b3e9c0d4a.jpg', 'is_automatically_created': False}, 'is_manufacturer': False}",Chicago Sugar Daddy,,"{'address': {'country': {'iso_code': 'US', 'name': 'USA'}, 'address_line': '3243 N Broadway, Chicago, IL 60657, USA', 'city': '', 'postal_code': ''}, 'location': {'longitude': -87.6441909, 'latitude': 41.9413521}}",,0,0.9294608071549798,False,False,False,MAGIC_BAG,True,"[{'id': 'NOTHING_TO_SAVE_TODAY', 'short_text': 'Nothing today', 'long_text': 'Nothing today'}]",
"{'item_id': '1563597', 'sales_taxes': [{'tax_description': 'State sales tax', 'tax_percentage': 1.0}, {'tax_description': 'Special sales tax', 'tax_percentage': 1.25}], 'tax_amount': {'code': 'USD', 'minor_units': 16, 'decimals': 2}, 'price_excluding_taxes': {'code': 'USD', 'minor_units': 699, 'decimals': 2}, 'price_including_taxes': {'code': 'USD', 'minor_units': 699, 'decimals': 2}, 'value_excluding_taxes': {'code': 'USD', 'minor_units': 2100, 'decimals': 2}, 'value_including_taxes': {'code': 'USD', 'minor_units': 2100, 'decimals': 2}, 'taxation_policy': 'PRICE_DOES_NOT_INCLUDE_TAXES', 'show_sales_taxes': True, 'item_price': {'code': 'USD', 'minor_units': 699, 'decimals': 2}, 'item_value': {'code': 'USD', 'minor_units': 2100, 'decimals': 2}, 'cover_picture': {'picture_id': '1226514', 'current_url': 'https://images.tgtg.ninja/itembulkimport/cover/ec172fe2-34ea-453a-ac6e-0b1693cf799e.jpg', 'is_automatically_created': False}, 'logo_picture': {'picture_id': '1226513', 'current_url': 'https://images.tgtg.ninja/itembulkimport/logo/204067bf-42f6-47f9-b9bc-7760b9c899fd_thumb.png', 'is_automatically_created': False}, 'name': 'Bakery Bag', 'description': 'Save a Surprise Bag filled with a variety of Bakery items such as breads, muffins, scones, & cookies. This bag may contain items at or past their expiration date. However, this does not mean these products are inedible. Please expect that this bag has items with ingredients that contain food allergens. If you have concerns about potential allergens, do not purchase this item.', 'subtitle': '', 'food_handling_instructions': '', 'can_user_supply_packaging': False, 'packaging_option': 'BAG_ALLOWED', 'collection_info': 'Please check in at the Customer Service desk.', 'diet_categories': [], 'item_category': 'BAKED_GOODS', 'buffet': False, 'positive_rating_reasons': ['POSITIVE_FEEDBACK_GREAT_QUANTITY', 'POSITIVE_FEEDBACK_GREAT_VALUE', 'POSITIVE_FEEDBACK_QUICK_COLLECTION', 'POSITIVE_FEEDBACK_FRIENDLY_STAFF', 'POSITIVE_FEEDBACK_DELICIOUS_FOOD'], 'average_overall_rating': {'average_overall_rating': 4.8054298642533935, 'rating_count': 221, 'month_count': 6}, 'favorite_count': 0}","{'store_id': '1203968', 'store_name': 'Whole Foods- IL', 'branch': 'Halsted', 'description': '', 'tax_identifier': '', 'website': '', 'store_location': {'address': {'country': {'iso_code': 'US', 'name': 'USA'}, 'address_line': '3640 N Halsted St, Chicago, IL 60613, USA', 'city': '', 'postal_code': ''}, 'location': {'longitude': -87.6498662, 'latitude': 41.9482889}}, 'logo_picture': {'picture_id': '1209689', 'current_url': 'https://images.tgtg.ninja/store/d01a7585-2c46-4ff0-bcd2-ad4cef07a78d_thumb.png', 'is_automatically_created': False}, 'store_time_zone': 'America/Chicago', 'hidden': False, 'favorite_count': 0, 'distance': 0.03264300316977083, 'cover_picture': {'picture_id': '1226514', 'current_url': 'https://images.tgtg.ninja/itembulkimport/cover/ec172fe2-34ea-453a-ac6e-0b1693cf799e.jpg', 'is_automatically_created': False}, 'is_manufacturer': False}",Whole Foods- IL - Halsted (Bakery Bag),"{'start': '2025-02-11T02:00:00Z', 'end': '2025-02-11T03:00:00Z'}","{'address': {'country': {'iso_code': 'US', 'name': 'USA'}, 'address_line': '3640 N Halsted St, Chicago, IL 60613, USA', 'city': '', 'postal_code': ''}, 'location': {'longitude': -87.6498662, 'latitude': 41.9482889}}",2025-02-11T03:00:00Z,0,0.03264300316977083,False,True,False,MAGIC_BAG,True,"[{'id': 'SOLD_OUT', 'short_text': 'Sold out'}]",2025-02-10T03:33:05Z
"{'item_id': '507354', 'sales_taxes': [{'tax_description': 'City sales tax', 'tax_percentage': 1.25}, {'tax_description': 'State sales tax', 'tax_percentage': 6.25}, {'tax_description': 'County sales tax', 'tax_percentage': 1.75}, {'tax_description': 'Special meal tax', 'tax_percentage': 0.5}, {'tax_description': 'Special sales tax', 'tax_percentage': 1.0}], 'tax_amount': {'code': 'USD', 'minor_units': 54, 'decimals': 2}, 'price_excluding_taxes': {'code': 'USD', 'minor_units': 499, 'decimals': 2}, 'price_including_taxes': {'code': 'USD', 'minor_units': 499, 'decimals': 2}, 'value_excluding_taxes': {'code': 'USD', 'minor_units': 1500, 'decimals': 2}, 'value_including_taxes': {'code': 'USD', 'minor_units': 1500, 'decimals': 2}, 'taxation_policy': 'PRICE_DOES_NOT_INCLUDE_TAXES', 'show_sales_taxes': True, 'item_price': {'code': 'USD', 'minor_units': 499, 'decimals': 2}, 'item_value': {'code': 'USD', 'minor_units': 1500, 'decimals': 2}, 'cover_picture': {'picture_id': '573904', 'current_url': 'https://images.tgtg.ninja/item/cover/f0e9a15a-d0fa-4743-bccf-47f331802c26.jpg', 'is_automatically_created': False}, 'logo_picture': {'picture_id': '573903', 'current_url': 'https://images.tgtg.ninja/store/069b8b10-ab55-494e-a56f-ff2c77cae2da.jpg', 'is_automatically_created': False}, 'name': '', 'description': 'This Surprise Bag will most likely be sandwiches, soups, mac & cheese, sides, and/or desserts. \n\nVariety and Specific items are not guaranteed. \n\nMeal provided will be cold, but can be reheated easily at home. ', 'subtitle': '', 'food_handling_instructions': '', 'can_user_supply_packaging': False, 'packaging_option': 'BAG_ALLOWED', 'collection_info': '', 'diet_categories': [], 'item_category': 'MEAL', 'buffet': False, 'positive_rating_reasons': ['POSITIVE_FEEDBACK_FRIENDLY_STAFF', 'POSITIVE_FEEDBACK_GREAT_VALUE', 'POSITIVE_FEEDBACK_DELICIOUS_FOOD', 'POSITIVE_FEEDBACK_GREAT_QUANTITY', 'POSITIVE_FEEDBACK_QUICK_COLLECTION', 'POSITIVE_FEEDBACK_GREAT_VARIETY'], 'average_overall_rating': {'average_overall_rating': 4.795180722891566, 'rating_count': 83, 'month_count': 6}, 'favorite_count': 0}","{'store_id': '592408', 'store_name': 'Cheesie’s Pub & Grub ', 'branch': 'Lakeview', 'description': '', 'tax_identifier': '', 'website': 'www.cheesies.com/', 'store_location': {'address': {'country': {'iso_code': 'US', 'name': 'USA'}, 'address_line': '958 W Belmont Ave, Chicago, IL 60657, USA', 'city': '', 'postal_code': ''}, 'location': {'longitude': -87.6537933, 'latitude': 41.9401055}}, 'logo_picture': {'picture_id': '573903', 'current_url': 'https://images.tgtg.ninja/store/069b8b10-ab55-494e-a56f-ff2c77cae2da.jpg', 'is_automatically_created': False}, 'store_time_zone': 'America/Chicago', 'hidden': False, 'favorite_count': 0, 'distance': 0.9683286173969827, 'cover_picture': {'picture_id': '573904', 'current_url': 'https://images.tgtg.ninja/item/cover/f0e9a15a-d0fa-4743-bccf-47f331802c26.jpg', 'is_automatically_created': False}, 'is_manufacturer': False}",Cheesie’s Pub & Grub  - Lakeview,,"{'address': {'country': {'iso_code': 'US', 'name': 'USA'}, 'address_line': '958 W Belmont Ave, Chicago, IL 60657, USA', 'city': '', 'postal_code': ''}, 'location': {'longitude': -87.6537933, 'latitude': 41.9401055}}",,0,0.9683286173969827,False,False,False,MAGIC_BAG,True,"[{'id': 'NOTHING_TO_SAVE_TODAY', 'short_text': 'Nothing today', 'long_text': 'Nothing today'}]",
